credential,reference,issue_date,expiry_date,portfolio_status
Economic licence,CN-1026538,2026-06-09,2027-06-24,Current in supplied evidence
Abu Dhabi Chamber membership,12700,2026-06-09,2027-06-24,Current in supplied evidence
Waste-management permit,PMT-26-20659,2026-06-09,2027-06-26,Current in supplied evidence
Environment Agency NOC,,2026-06-09,2026-09-07,Approaching expiry - renewal confirmation required
Civil Defence certificate,CN-1026538,2026-07-09,2027-07-08,Current in supplied evidence
Engineering classification,D12-2026-1026538-LR1,2026-06-11,2028-01-15,Current in supplied evidence
ISO 9001 / 45001 / 14001,,2022-05-25,2025-05-24,Historical - expired
ICV certificate,,2023-12-25,2024-12-24,Historical - expired

